<network>
  <exceptions/>
  <requests>
    <rssInputRequest type="rss" id="0" url="http://people.icoserver.com/users/elena/at-he91922-20110226209-c301-wNames-1.rss" textOption="TITLE_AND_DESCRIPTION" itemCount="319"/>
  </requests>
  <sources>
    <source id="0" request="0" title="Norman D. Golden II"/>
    <source id="1" request="0" title="Harry Dean Stanton"/>
    <source id="2" request="0" title="Jennifer Aniston &lt;a href=&quot;http://www.imdb.com/name/nm0000098/&quot;&gt;&lt;font color=&quot;#000099&quot;&gt;IMDb&lt;/font&gt;&lt;/a&gt;"/>
    <source id="3" request="0" title="Eddie Arenas"/>
    <source id="4" request="0" title="Jennifer Connelly"/>
    <source id="5" request="0" title="Christopher Lloyd"/>
    <source id="6" request="0" title="Ethan Embry"/>
    <source id="7" request="0" title="Chris Klein"/>
    <source id="8" request="0" title="Judy Pace"/>
    <source id="9" request="0" title="Kelly Preston"/>
    <source id="10" request="0" title="Jeremy Sisto"/>
    <source id="11" request="0" title="John Malkovich"/>
    <source id="12" request="0" title="Ryan Reynolds"/>
    <source id="13" request="0" title="Daryl Sabara"/>
    <source id="14" request="0" title="Jürgen Prochnow"/>
    <source id="15" request="0" title="Eva Longoria Parker"/>
    <source id="16" request="0" title="Bonnie Bartlett"/>
    <source id="17" request="0" title="Colm Meaney"/>
    <source id="18" request="0" title="Master P"/>
    <source id="19" request="0" title="steve Harris"/>
    <source id="20" request="0" title="Heather Graham"/>
    <source id="21" request="0" title="F. Murray Abraham"/>
    <source id="22" request="0" title="Mircea Monroe"/>
    <source id="23" request="0" title="Denis Leary"/>
    <source id="24" request="0" title="Panchito"/>
    <source id="25" request="0" title="Dennis Farina"/>
    <source id="26" request="0" title="Chauncey Leopardi"/>
    <source id="27" request="0" title="Calvin Lockhardt"/>
    <source id="28" request="0" title="Renee Zellweger"/>
    <source id="29" request="0" title="David Koechner"/>
    <source id="30" request="0" title="Robert Pastorelli"/>
    <source id="31" request="0" title="Gio Perez"/>
    <source id="32" request="0" title="Griffin Dunne"/>
    <source id="33" request="0" title="Jason Biggs"/>
    <source id="34" request="0" title="Raymond St. Jacques"/>
    <source id="35" request="0" title="Trey Wilson"/>
    <source id="36" request="0" title="Robert Mandan"/>
    <source id="37" request="0" title="Ben Affleck"/>
    <source id="38" request="0" title="Will Sasso"/>
    <source id="39" request="0" title="Annie Golden"/>
    <source id="40" request="0" title="Chris Rock"/>
    <source id="41" request="0" title="Nikolaj Coster-Waldau"/>
    <source id="42" request="0" title="Meryl Streep"/>
    <source id="43" request="0" title="B.J. Hendricks"/>
    <source id="44" request="0" title="Chris Kattan"/>
    <source id="45" request="0" title="Erik Stolhanske"/>
    <source id="46" request="0" title="Greg Martin"/>
    <source id="47" request="0" title="Randy Quaid"/>
    <source id="48" request="0" title="Jack Nicholson"/>
    <source id="49" request="0" title="David Arquette"/>
    <source id="50" request="0" title="Jay Chandrasekhar"/>
    <source id="51" request="0" title="Kenneth Branagh"/>
    <source id="52" request="0" title="Emily Blunt"/>
    <source id="53" request="0" title="Chris Conrad"/>
    <source id="54" request="0" title="John Leguizamo"/>
    <source id="55" request="0" title="Louanne"/>
    <source id="56" request="0" title="Raul Julia"/>
    <source id="57" request="0" title="Dyfan Dwyfor"/>
    <source id="58" request="0" title="Steve Speirs"/>
    <source id="59" request="0" title="Eva Marie Saint"/>
    <source id="60" request="0" title="Mae Whitman"/>
    <source id="61" request="0" title="Alexa Vega"/>
    <source id="62" request="0" title="Sierra Pitkin"/>
    <source id="63" request="0" title="Cheryl Hines"/>
    <source id="64" request="0" title="Wayne Newton"/>
    <source id="65" request="0" title="Kathy Bates"/>
    <source id="66" request="0" title="Sissy Spacek"/>
    <source id="67" request="0" title="Ellen Greene"/>
    <source id="68" request="0" title="Will Arnett"/>
    <source id="69" request="0" title="Don Dacus"/>
    <source id="70" request="0" title="Kenneth Griffith"/>
    <source id="71" request="0" title="Michael Rosenbaum"/>
    <source id="72" request="0" title="Andie MacDowell"/>
    <source id="73" request="0" title="Tom Noonan"/>
    <source id="74" request="0" title="Matt Keeslar"/>
    <source id="75" request="0" title="Colin Hanks"/>
    <source id="76" request="0" title="John Voight"/>
    <source id="77" request="0" title="Rob Schneider"/>
    <source id="78" request="0" title="Kathleen Doyle"/>
    <source id="79" request="0" title="Cameron Scher"/>
    <source id="80" request="0" title="Ice Cube"/>
    <source id="81" request="0" title="Ed Helms"/>
    <source id="82" request="0" title="Bess Armstrong"/>
    <source id="83" request="0" title="Mike Vitar"/>
    <source id="84" request="0" title="Steve Lemme"/>
    <source id="85" request="0" title="Cary Elwes"/>
    <source id="86" request="0" title="Robert Prosky"/>
    <source id="87" request="0" title="Jack Davenport"/>
    <source id="88" request="0" title="Tom Sturridge"/>
    <source id="89" request="0" title="Teri Garr"/>
    <source id="90" request="0" title="Kate Mara"/>
    <source id="91" request="0" title="Malik Yoba"/>
    <source id="92" request="0" title="Woody Harrelson"/>
    <source id="93" request="0" title="Brittany Murphy"/>
    <source id="94" request="0" title="Matt Besser"/>
    <source id="95" request="0" title="Emily Yancy"/>
    <source id="96" request="0" title="Judy Greer"/>
    <source id="97" request="0" title="Buck Henry"/>
    <source id="98" request="0" title="Patrick O&apos;Brien"/>
    <source id="99" request="0" title="Anthony Anderson"/>
    <source id="100" request="0" title="Lindsay Lohan"/>
    <source id="101" request="0" title="Dom DeLouise"/>
    <source id="102" request="0" title="James Caan"/>
    <source id="103" request="0" title="Matt Malloy"/>
    <source id="104" request="0" title="Peter Facinelli"/>
    <source id="105" request="0" title="Philip Baker Hall"/>
    <source id="106" request="0" title="J.C. MacKenzie"/>
    <source id="107" request="0" title="Zachary Gordon"/>
    <source id="108" request="0" title="Tracy Morgan"/>
    <source id="109" request="0" title="Jamie Foxx"/>
    <source id="110" request="0" title="Anthony O&apos;Donnell"/>
    <source id="111" request="0" title="Anna Faris"/>
    <source id="112" request="0" title="Holland Taylor"/>
    <source id="113" request="0" title="Nikki Deloach"/>
    <source id="114" request="0" title="Shane McDermott"/>
    <source id="115" request="0" title="Ian Hart"/>
    <source id="116" request="0" title="Jesse Eisenberg"/>
    <source id="117" request="0" title="Christine Baranski"/>
    <source id="118" request="0" title="Peter Breitmayer"/>
    <source id="119" request="0" title="Sir Ben Kingsley"/>
    <source id="120" request="0" title="Drad Beyer"/>
    <source id="121" request="0" title="Melissa Sagemiller"/>
    <source id="122" request="0" title="Soon-Teck Oh"/>
    <source id="123" request="0" title="Robert Duvall"/>
    <source id="124" request="0" title="James Denton"/>
    <source id="125" request="0" title="Rip Torn"/>
    <source id="126" request="0" title="Pat Morita"/>
    <source id="127" request="0" title="Chris Sarandon"/>
    <source id="128" request="0" title="Beverly D&apos;Angelo"/>
    <source id="129" request="0" title="Gerard Butler"/>
    <source id="130" request="0" title="Doug Hutchison"/>
    <source id="131" request="0" title="Tara FitzGerald"/>
    <source id="132" request="0" title="Felicity Huffman"/>
    <source id="133" request="0" title="Hector Elizondo"/>
    <source id="134" request="0" title="David Morse"/>
    <source id="135" request="0" title="Jim Nabors"/>
    <source id="136" request="0" title="Redd Foxx"/>
    <source id="137" request="0" title="Godfrey Cambridge"/>
    <source id="138" request="0" title="Wallace Shawn"/>
    <source id="139" request="0" title="Jill Scott"/>
    <source id="140" request="0" title="Wendie Malick"/>
    <source id="141" request="0" title="Richard T. Jones"/>
    <source id="142" request="0" title="Barry Watson"/>
    <source id="143" request="0" title="Ray Liotta"/>
    <source id="144" request="0" title="Jackie Gleason"/>
    <source id="145" request="0" title="Bill Murray"/>
    <source id="146" request="0" title="Vince Vaughn"/>
    <source id="147" request="0" title="Brittney Powell"/>
    <source id="148" request="0" title="Drew Barrymore"/>
    <source id="149" request="0" title="Dolly Parton"/>
    <source id="150" request="0" title="Jason Bateman"/>
    <source id="151" request="0" title="Paul Soter"/>
    <source id="152" request="0" title="Josh Peck"/>
    <source id="153" request="0" title="Peter Boyle"/>
    <source id="154" request="0" title="Marilu Henner"/>
    <source id="155" request="0" title="Kelsey Grammer"/>
    <source id="156" request="0" title="Joe Piscopo"/>
    <source id="157" request="0" title="Josh Hartnett"/>
    <source id="158" request="0" title="Adam Sandler"/>
    <source id="159" request="0" title="Julianna Margulies"/>
    <source id="160" request="0" title="Elizabeth Wilson"/>
    <source id="161" request="0" title="Bill Hader"/>
    <source id="162" request="0" title="Edward Burns"/>
    <source id="163" request="0" title="Arnold Schwarzenegger"/>
    <source id="164" request="0" title="Hugh Grant"/>
    <source id="165" request="0" title="Anjelica Huston"/>
    <source id="166" request="0" title="David Birney"/>
    <source id="167" request="0" title="Cicely Tyson"/>
    <source id="168" request="0" title="Carla Gugino"/>
    <source id="169" request="0" title="Michael Zegen"/>
    <source id="170" request="0" title="James Earl Jones"/>
    <source id="171" request="0" title="Kristen Stewart"/>
    <source id="172" request="0" title="Jon Heder"/>
    <source id="173" request="0" title="Faizon Love"/>
    <source id="174" request="0" title="Jane Fonda"/>
    <source id="175" request="0" title="Burt Reynolds"/>
    <source id="176" request="0" title="Mark Wahlberg"/>
    <source id="177" request="0" title="Lee Grant"/>
    <source id="178" request="0" title="Robin Givens"/>
    <source id="179" request="0" title="Jane Lynch"/>
    <source id="180" request="0" title="Troy Garity"/>
    <source id="181" request="0" title="Garrett Hedlund"/>
    <source id="182" request="0" title="Harrison Ford"/>
    <source id="183" request="0" title="Dermot Mulroney"/>
    <source id="184" request="0" title="Bill Fagerbakke"/>
    <source id="185" request="0" title="Luke Wilson"/>
    <source id="186" request="0" title="Patrick Fischler"/>
    <source id="187" request="0" title="Kristen Bell"/>
    <source id="188" request="0" title="James Gammon"/>
    <source id="189" request="0" title="Darcey Johnson"/>
    <source id="190" request="0" title="Katherine Heigl"/>
    <source id="191" request="0" title="Treat Williams"/>
    <source id="192" request="0" title="Eric Michael Cole"/>
    <source id="193" request="0" title="Kevin Bacon"/>
    <source id="194" request="0" title="Tom Guiry"/>
    <source id="195" request="0" title="Bree Turner"/>
    <source id="196" request="0" title="Bruce Dern"/>
    <source id="197" request="0" title="Albert Brooks"/>
    <source id="198" request="0" title="Bruce Campbell"/>
    <source id="199" request="0" title="Shirley MacLaine"/>
    <source id="200" request="0" title="Malin Akerman"/>
    <source id="201" request="0" title="Richard Barela"/>
    <source id="202" request="0" title="Dustin Hoffman"/>
    <source id="203" request="0" title="Dylan Baker"/>
    <source id="204" request="0" title="Adam Brody"/>
    <source id="205" request="0" title="Sean Patrick Thomas"/>
    <source id="206" request="0" title="Fred Melamed"/>
    <source id="207" request="0" title="Lena Olin"/>
    <source id="208" request="0" title="Bill Nighy"/>
    <source id="209" request="0" title="Mr. T"/>
    <source id="210" request="0" title="Lou Alexander"/>
    <source id="211" request="0" title="Bill Pullman"/>
    <source id="212" request="0" title="Nick Frost"/>
    <source id="213" request="0" title="Jack Weatherbe"/>
    <source id="214" request="0" title="Kate Ashfield"/>
    <source id="215" request="0" title="Bill Paxton"/>
    <source id="216" request="0" title="Damian Lewis"/>
    <source id="217" request="0" title="Tony Denman"/>
    <source id="218" request="0" title="Justin Bartha"/>
    <source id="219" request="0" title="David Paymer"/>
    <source id="220" request="0" title="Dorsey Wright"/>
    <source id="221" request="0" title="William Hurt"/>
    <source id="222" request="0" title="Maria Arce"/>
    <source id="223" request="0" title="Patrick Renna"/>
    <source id="224" request="0" title="Luke Askew"/>
    <source id="225" request="0" title="Keith David"/>
    <source id="226" request="0" title="Brittany Snow"/>
    <source id="227" request="0" title="Ray Romano"/>
    <source id="228" request="0" title="Charles Durning"/>
    <source id="229" request="0" title="Seann William Scott"/>
    <source id="230" request="0" title="Michael Stuhlbarg"/>
    <source id="231" request="0" title="Eve"/>
    <source id="232" request="0" title="Christina Ricci"/>
    <source id="233" request="0" title="Marisa Tomei"/>
    <source id="234" request="0" title="Brandon Adams"/>
    <source id="235" request="0" title="Anjelica Houston"/>
    <source id="236" request="0" title="Tamara Taylor"/>
    <source id="237" request="0" title="Ruby Dee"/>
    <source id="238" request="0" title="Sela Ward"/>
    <source id="239" request="0" title="Tea Leoni"/>
    <source id="240" request="0" title="Matthew Broderick"/>
    <source id="241" request="0" title="Dan Hedaya"/>
    <source id="242" request="0" title="Tito Galla"/>
    <source id="243" request="0" title="Alex D. Linz"/>
    <source id="244" request="0" title="Lynne Thigpen"/>
    <source id="245" request="0" title="Danny DeVito"/>
    <source id="246" request="0" title="Janet Jackson"/>
    <source id="247" request="0" title="Dabney Coleman"/>
    <source id="248" request="0" title="Ian McNeice"/>
    <source id="249" request="0" title="Dawson Dunbar"/>
    <source id="250" request="0" title="Mary Steenburgen"/>
    <source id="251" request="0" title="Justin Timberlake"/>
    <source id="252" request="0" title="Aaron Woolf"/>
    <source id="253" request="0" title="Michael Ealy"/>
    <source id="254" request="0" title="Sharon Leal"/>
    <source id="255" request="0" title="Al Waxman"/>
    <source id="256" request="0" title="Dolphy"/>
    <source id="257" request="0" title="Edie McClurg"/>
    <source id="258" request="0" title="Chevy Chase"/>
    <source id="259" request="0" title="Chloe Webb"/>
    <source id="260" request="0" title="Jeffrey Tambor"/>
    <source id="261" request="0" title="Christopher Jaymes"/>
    <source id="262" request="0" title="Nick Searcy"/>
    <source id="263" request="0" title="Shemar Moore"/>
    <source id="264" request="0" title="Josh Duhamel"/>
    <source id="265" request="0" title="Christy Andersen"/>
    <source id="266" request="0" title="Nicholle Tome"/>
    <source id="267" request="0" title="Maureen Stapleton"/>
    <source id="268" request="0" title="Todd Anderson"/>
    <source id="269" request="0" title="Jay Leno"/>
    <source id="270" request="0" title="Monica Potter"/>
    <source id="271" request="0" title="Queen Latifah"/>
    <source id="272" request="0" title="Patrick Dempsey"/>
    <source id="273" request="0" title="Bernie Mac"/>
    <source id="274" request="0" title="Amy Smart"/>
    <source id="275" request="0" title="Tom Hanks"/>
    <source id="276" request="0" title="Jon Favreau"/>
    <source id="277" request="0" title="Jessica Lange"/>
    <source id="278" request="0" title="Kevin Pollak"/>
    <source id="279" request="0" title="Logan Lerman"/>
    <source id="280" request="0" title="Jason Kolotouros"/>
    <source id="281" request="0" title="Bruce Willis"/>
    <source id="282" request="0" title="Eric Dane"/>
    <source id="283" request="0" title="Sari Lennick"/>
    <source id="284" request="0" title="Ted Danson"/>
    <source id="285" request="0" title="Sasha Barrese"/>
    <source id="286" request="0" title="Tyler Perry"/>
    <source id="287" request="0" title="Lynn Whitfield"/>
    <source id="288" request="0" title="Richard Kind"/>
    <source id="289" request="0" title="Rosario Dawson"/>
    <source id="290" request="0" title="Neil Patrick Harris"/>
    <source id="291" request="0" title="Michelle Pfeiffer"/>
    <source id="292" request="0" title="Bradley Cooper"/>
    <source id="293" request="0" title="Ginnifer Goodwin"/>
    <source id="294" request="0" title="Michael Keaton"/>
    <source id="295" request="0" title="Zach Galifianakis"/>
    <source id="296" request="0" title="Ray Sharkey"/>
    <source id="297" request="0" title="Philip Seymour Hoffman"/>
    <source id="298" request="0" title="Suzanne Pleshette"/>
    <source id="299" request="0" title="Alan Cumming"/>
    <source id="300" request="0" title="Lauren Holly"/>
    <source id="301" request="0" title="Seth Green"/>
    <source id="302" request="0" title="George Clooney"/>
    <source id="303" request="0" title="Antonio Banderas"/>
    <source id="304" request="0" title="Cory Fernandez"/>
    <source id="305" request="0" title="John Savage"/>
    <source id="306" request="0" title="Frank Sivero"/>
    <source id="307" request="0" title="George Burns"/>
    <source id="308" request="0" title="Jack Gilpin"/>
    <source id="309" request="0" title="Reese Witherspoon"/>
    <source id="310" request="0" title="Kimberly Elise"/>
    <source id="311" request="0" title="Harland Williams"/>
    <source id="312" request="0" title="Lolita Davidovitch"/>
    <source id="313" request="0" title="Barbara Perez"/>
    <source id="314" request="0" title="Jessica Biel"/>
    <source id="315" request="0" title="Jack Donner"/>
    <source id="316" request="0" title="Holly Hunter"/>
    <source id="317" request="0" title="Eric Winter"/>
    <source id="318" request="0" title="Luis Guzman"/>
  </sources>
  <ads>
    <ad id="0" url="http://www.icosystem.com" line1="Infomous brought to you by Icosystem" line2="www.icosystem.com"/>
    <ad id="1" url="http://www.economist.com" line1="Read The Economist for insights and opinions." line2="www.economist.com"/>
    <ad id="2" url="http://www.nymbler.com" line1="Let Nymbler help you find your baby&apos;s name" line2="www.nymbler.com"/>
    <ad id="3" url="http://www.infomous.com" line1="Infomous: A new way to navigate" line2="www.infomous.com"/>
    <ad id="4" url="http://www.infomous.com/explore/hot" line1="Follow user commentary on developing events" line2="Infomous Hot Topics"/>
    <ad id="5" url="http://www.economist.com/products/subscribe" line1="Subscribe to The Economist Print Edition" line2="The Economist"/>
    <ad id="6" url="http://www.fastcompany.com/1751020/infomous-makes-dataviz-fun" line1="Infomous featured in Fast Company" line2="Infomous Does Dataviz Right"/>
    <ad id="7" url="http://www.concentricroi.com" line1="Maximize your brand ROI with Concentric ROI" line2="www.concentricROI.com"/>
    <ad id="8" url="http://www.digimind.com" line1="The leader in On-Demand Competitive Intelligence Software" line2="Digimind"/>
    <ad id="9" url="http://www.icosystem.com" line1="Icosystem: Our Science, your success" line2="Icosystem Corporation"/>
  </ads>
  <words>
    <word id="0" text="A Serious Man" count="6.0" group="22" sources="118,206,230,252,283,288" ads=""/>
    <word id="1" text="Airborne" count="6.0" group="13" sources="53,98,114,147,257,301" ads=""/>
    <word id="2" text="Anger Management" count="6.0" group="18" sources="48,92,158,233,244,318" ads=""/>
    <word id="3" text="Bait" count="6.0" group="15" sources="30,109,130,134,219,310" ads="4"/>
    <word id="4" text="Barbershop" count="6.0" group="26" sources="80,99,180,205,231,253" ads=""/>
    <word id="5" text="Beerfest" count="6.0" group="27" sources="14,45,50,79,84,151" ads="7"/>
    <word id="6" text="Cloudy With A Chance Of Meatballs" count="6.0" group="9" sources="102,111,161,198,209,290" ads=""/>
    <word id="7" text="Collision Course" count="6.0" group="19" sources="73,122,126,127,255,269" ads="2"/>
    <word id="8" text="Cop And A Half" count="6.0" group="2" sources="0,112,175,237,296,306" ads=""/>
    <word id="9" text="Cop Out" count="6.0" group="14" sources="108,204,229,278,281,304" ads=""/>
    <word id="10" text="Cotton Comes To Harlem" count="6.0" group="31" sources="8,27,34,95,136,137" ads="7"/>
    <word id="11" text="Couples Retreat" count="6.0" group="4" sources="146,150,173,187,200,276" ads="1"/>
    <word id="12" text="Defending Your Life" count="6.0" group="3" sources="42,97,125,177,197,199" ads="6"/>
    <word id="13" text="Diary Of A Mad Black Woman" count="6.0" group="15" sources="19,167,236,263,286,310" ads=""/>
    <word id="14" text="Down Periscope" count="6.0" group="3" sources="1,77,125,155,196,300" ads="8"/>
    <word id="15" text="Four Christmases" count="6.0" group="4" sources="66,76,123,146,276,309" ads="9"/>
    <word id="16" text="Georgia Rule" count="6.0" group="12" sources="85,100,132,174,181,183" ads=""/>
    <word id="17" text="Hair" count="6.0" group="23" sources="39,69,128,191,220,305" ads=""/>
    <word id="18" text="He&apos;s Just Not That Into You" count="6.0" group="5" sources="2,4,37,148,292,293" ads="3"/>
    <word id="19" text="Head Of State" count="6.0" group="7" sources="40,178,203,262,273,287" ads="4"/>
    <word id="20" text="Hollywood Homicide" count="6.0" group="16" sources="18,157,182,207,225,312" ads=""/>
    <word id="21" text="Ice Age: Dawn Of The Dinosaurs" count="6.0" group="36" sources="23,54,152,179,227,271" ads="5"/>
    <word id="22" text="In Memory Of My Father" count="6.0" group="35" sources="10,74,96,192,261,266" ads=""/>
    <word id="23" text="Johnny Dangerously" count="6.0" group="11" sources="32,153,154,156,267,294" ads=""/>
    <word id="24" text="Just Friends" count="6.0" group="9" sources="7,12,22,111,222,274" ads=""/>
    <word id="25" text="Kalabog En Bosyo" count="6.0" group="1" sources="3,24,46,242,256,313" ads="3"/>
    <word id="26" text="Lower Learning" count="6.0" group="10" sources="15,33,38,107,270,315" ads=""/>
    <word id="27" text="Muppets From Space" count="6.0" group="3" sources="21,49,72,77,143,260" ads="1"/>
    <word id="28" text="My One And Only" count="6.0" group="26" sources="28,29,106,180,193,279" ads="9"/>
    <word id="29" text="National Lampoon&apos;s Vegas Vacation" count="6.0" group="23" sources="6,47,64,128,138,258" ads=""/>
    <word id="30" text="Nothing In Common" count="6.0" group="11" sources="59,82,133,144,238,275" ads=""/>
    <word id="31" text="One Fine Day" count="6.0" group="2" sources="60,67,228,243,291,302" ads=""/>
    <word id="32" text="Pirate Radio" count="6.0" group="21" sources="51,87,88,208,212,297" ads="1"/>
    <word id="33" text="Sidewalks Of New York" count="6.0" group="6" sources="20,25,78,93,162,289" ads="8"/>
    <word id="34" text="Sorority Boys" count="6.0" group="0" sources="71,120,121,142,217,311" ads=""/>
    <word id="35" text="The Addams Family" count="6.0" group="32" sources="5,56,160,165,232,241" ads=""/>
    <word id="36" text="The Baker" count="6.0" group="34" sources="41,57,58,110,214,216" ads=""/>
    <word id="37" text="The Best Little Whorehouse In Texas" count="6.0" group="2" sources="36,101,135,149,175,228" ads=""/>
    <word id="38" text="The Bounty Hunter" count="6.0" group="7" sources="2,31,103,117,129,280" ads=""/>
    <word id="39" text="The Englishman Who Went Up A Hill But Came Down A Mountain" count="6.0" group="17" sources="17,70,115,131,164,248" ads=""/>
    <word id="40" text="The Great Buck Howard" count="6.0" group="11" sources="11,32,43,52,75,275" ads="7"/>
    <word id="41" text="The Hangover" count="6.0" group="5" sources="20,81,218,285,292,295" ads="8"/>
    <word id="42" text="The Sandlot" count="6.0" group="8" sources="26,83,170,194,223,234" ads=""/>
    <word id="43" text="The Ugly Truth" count="6.0" group="7" sources="63,129,190,195,262,317" ads=""/>
    <word id="44" text="Tootsie" count="6.0" group="2" sources="89,145,202,228,247,277" ads="2"/>
    <word id="45" text="Traveller" count="6.0" group="33" sources="113,159,176,188,215,224" ads=""/>
    <word id="46" text="Twins" count="6.0" group="4" sources="9,16,35,163,245,259" ads="7"/>
    <word id="47" text="Undead Or Alive" count="6.0" group="28" sources="44,94,124,201,210,268" ads=""/>
    <word id="48" text="When In Rome" count="6.0" group="4" sources="68,172,187,235,245,264" ads="4"/>
    <word id="49" text="Why Did I Get Married?" count="6.0" group="15" sources="91,139,141,246,254,286" ads=""/>
    <word id="50" text="You Kill Me" count="6.0" group="6" sources="25,105,119,185,211,239" ads="4"/>
    <word id="51" text="Adventureland" count="6.0" group="30" sources="116,140,169,171,308" ads="6"/>
    <word id="52" text="Finding Amanda" count="6.0" group="25" sources="104,184,186,226,240" ads="6"/>
    <word id="53" text="Spy Kids" count="6.0" group="20" sources="13,61,168,299,303" ads="0"/>
    <word id="54" text="The Open Road" count="6.0" group="3" sources="1,90,250,251,284" ads="0"/>
    <word id="55" text="Trolls" count="6.0" group="29" sources="62,189,213,249,265" ads="2"/>
    <word id="56" text="Valentine&apos;s Day" count="6.0" group="5" sources="65,272,282,292,314" ads="5"/>
    <word id="57" text="Broadcast News" count="6.0" group="3" sources="86,197,221,316" ads=""/>
    <word id="58" text="Oh, God! Book II" count="6.0" group="24" sources="55,166,298,307" ads="1"/>
  </words>
  <links>
    <link from="3" to="13" weight="3.0"/>
    <link from="8" to="37" weight="3.0"/>
    <link from="57" to="12" weight="3.0"/>
    <link from="13" to="49" weight="3.0"/>
    <link from="12" to="14" weight="3.0"/>
    <link from="11" to="15" weight="10.0"/>
    <link from="23" to="40" weight="3.0"/>
    <link from="6" to="24" weight="3.0"/>
    <link from="14" to="27" weight="3.0"/>
    <link from="4" to="28" weight="3.0"/>
    <link from="17" to="29" weight="3.0"/>
    <link from="30" to="40" weight="3.0"/>
    <link from="31" to="37" weight="3.0"/>
    <link from="33" to="50" weight="3.0"/>
    <link from="18" to="38" weight="3.0"/>
    <link from="18" to="41" weight="3.0"/>
    <link from="33" to="41" weight="3.0"/>
    <link from="19" to="43" weight="3.0"/>
    <link from="38" to="43" weight="3.0"/>
    <link from="31" to="44" weight="3.0"/>
    <link from="37" to="44" weight="3.0"/>
    <link from="11" to="48" weight="3.0"/>
    <link from="46" to="48" weight="3.0"/>
    <link from="14" to="54" weight="3.0"/>
    <link from="18" to="56" weight="3.0"/>
    <link from="41" to="56" weight="3.0"/>
  </links>
</network>
